rank,candidate_id,title,headline,years_experience,ai_skill_count,domain_score,skill_score,experience_score,final_score,headline_text,summary_text,top_career_snippets
1,CAND_0046064,Senior NLP Engineer,"Senior NLP Engineer | LLMs, RAG, Vector Search | ex-Top Tech",8.9,11,0.4802854816548495,1.0,0.8,0.7790123111631216,"Senior NLP Engineer | LLMs, RAG, Vector Search | ex-Top Tech","Senior AI engineer with 8.9 years of hands-on experience building production ML systems, with a focus on search, retrieval, and ranking. Most recently, I rebuilt the candidate-JD matching pipeline fro...","...aluation framework from scratch — NDCG, MRR, recall@K calibrated against online A/B... || ...ed the end-to-end ranking pipeline at a recommendations-heavy consumer product: candidate sour... || ...latency budget was tight. Designed the offline evaluation framework from scratch — NDCG, MRR, rec... || ...single-digit-millisecond p95 retrieval latency. My day-to-day work spans embedding mod... || Owned the end-to-end ranking pipeline at a recommendations-heavy..."
2,CAND_0018499,Senior Machine Learning Engineer,Senior Machine Learning Engineer | Building AI-native search & ranking systems,7.2,11,0.4645320012899898,0.921,0.875,0.7701929337203305,Senior Machine Learning Engineer | Building AI-native search & ranking systems,"Senior AI engineer with 7.2 years of hands-on experience building production ML systems, with a focus on search, retrieval, and ranking. Most recently, I designed the company's first hybrid retrieval ...","...aluation framework from scratch — NDCG, MRR, recall@K calibrated against online A/B... || ...latency budget was tight. Designed the offline evaluation framework from scratch — NDCG, MRR, rec... || ...first hybrid retrieval system combining BM25 with dense vector recall, serving 50M+... || ...y-stage product companies and at larger scale, and I've spent enough time on both tha... || ...The architecture combined BM25 + dense retrieval (BGE embeddings, FAISS HNSW) with an LL..."
3,CAND_0071974,Senior AI Engineer,Senior AI Engineer | Production ML at scale | 7.8+ yrs,7.8,13,0.38956262573645556,0.9792999999999998,0.875,0.7647637877209367,Senior AI Engineer | Production ML at scale | 7.8+ yrs,"Senior AI engineer with 7.8 years of hands-on experience building production ML systems, with a focus on search, retrieval, and ranking. Most recently, I led the migration from keyword-based ranking t...","...8 years of hands-on experience building production ML systems, with a focus on search, ret... || ...ed the end-to-end ranking pipeline at a recommendations-heavy consumer product: candidate sour... || Owned the end-to-end ranking pipeline at a recommendations-heavy... || ...y-stage product companies and at larger scale, and I've spent enough time on both tha... || ...sing a fine-tuned BGE-large) → Pinecone retrieval → learning-to-rank re-scoring (XGBoost)..."
4,CAND_0033861,Senior NLP Engineer,Senior NLP Engineer | Building AI-native search & ranking systems,8.0,16,0.411999824260081,1.0,0.925,0.757536613944691,Senior NLP Engineer | Building AI-native search & ranking systems,"Senior AI engineer with 8.0 years of hands-on experience building production ML systems, with a focus on search, retrieval, and ranking. Most recently, I drove the platform's RAG strategy from prototy...","...). The new system reduced p95 retrieval latency by 60% while improving NDCG@10 by 18% o... || ...ion ML systems, with a focus on search, retrieval, and ranking. Most recently, I drove th... || ...y-stage product companies and at larger scale, and I've spent enough time on both tha... || ...ansformer embeddings), and a behavioral re-ranking layer. The most interesting technical c... || ...items. Migrated the existing BM25-only retrieval to a hybrid setup combining sparse and..."
5,CAND_0079387,AI Engineer,AI Engineer | Applied ML | Building intelligent products,6.9,9,0.46456024709734844,0.8201333333333334,0.825,0.7545914074625378,AI Engineer | Applied ML | Building intelligent products,"Machine learning engineer with 6.9 years of experience building ML-powered features in production. Strong background in NLP, recommendation systems, and applied AI; comfortable across the ML stack fro...",Built a content recommendation system serving 10M+ users that combined... || ...e) with FAISS for fast nearest-neighbor retrieval. Designed the query expansion module th... || ...laborative filtering with content-based ranking. The system uses item-item similarity (... || ...laborative filtering with content-based ranking. The system uses item-item similarit... || ...NLP and recsys. I've learned that most retrieval problems are actually evaluation proble...
6,CAND_0077337,Staff Machine Learning Engineer,Staff Machine Learning Engineer | Building AI-native search & ranking systems,7.0,13,0.43700429465786617,0.9335,0.925,0.7500129550640265,Staff Machine Learning Engineer | Building AI-native search & ranking systems,"Senior AI engineer with 7.0 years of hands-on experience building production ML systems, with a focus on search, retrieval, and ranking. Most recently, I designed the company's first hybrid retrieval ...","...cessive ranker variants and ran them in A/B testing alongside the legacy keyword system. Th... || ...). The new system reduced p95 retrieval latency by 60% while improving NDCG@10 by 18% o... || ...n from keyword-based to embedding-based search across a 30M+ candidate corpus over 8 m... || ...first hybrid retrieval system combining BM25 with dense vector recall, serving 50M+... || ...y-stage product companies and at larger scale, and I've spent enough time on both tha..."
7,CAND_0030953,Search Engineer,"Search Engineer | ML, NLP, Recommendation Systems",7.8,10,0.5818595943412997,0.8448,0.825,0.7398812116357233,"Search Engineer | ML, NLP, Recommendation Systems","Machine learning engineer with 7.8 years of experience building ML-powered features in production. Strong background in NLP, recommendation systems, and applied AI; comfortable across the ML stack fro...",Built a content recommendation system serving 10M+ users that combined... || ...search-based product to embedding-based retrieval. Along the way I've gotten comfortable... || ...e) with FAISS for fast nearest-neighbor retrieval. Designed the query expansion module th... || Search Engineer || ...laborative filtering with content-based ranking. The system uses item-item similarity (...
8,CAND_0055905,Senior Machine Learning Engineer,"Senior Machine Learning Engineer | LLMs, RAG, Vector Search | ex-Top Tech",8.1,7,0.4329534462408269,0.8536666666666666,0.925,0.7349927005389147,"Senior Machine Learning Engineer | LLMs, RAG, Vector Search | ex-Top Tech","Senior AI engineer with 8.1 years of hands-on experience building production ML systems, with a focus on search, retrieval, and ranking. Most recently, I led the migration from keyword-based ranking t...","...aluation framework from scratch — NDCG, MRR, recall@K calibrated against online A/B... || ...). The new system reduced p95 retrieval latency by 60% while improving NDCG@10 by 18% o... || ...latency budget was tight. Designed the offline evaluation framework from scratch — NDCG, MRR, rec... || ...y-stage product companies and at larger scale, and I've spent enough time on both tha... || ...The architecture combined BM25 + dense retrieval (BGE embeddings, FAISS HNSW) with an LL..."
9,CAND_0011687,Senior NLP Engineer,Senior NLP Engineer | Production ML at scale | 7.8+ yrs,7.8,11,0.411999824260081,0.8988,0.8,0.734346613944691,Senior NLP Engineer | Production ML at scale | 7.8+ yrs,"Senior AI engineer with 7.8 years of hands-on experience building production ML systems, with a focus on search, retrieval, and ranking. Most recently, I owned the offline-online evaluation harness — ...","...8 years of hands-on experience building production ML systems, with a focus on search, ret... || ...ed the end-to-end ranking pipeline at a recommendations-heavy consumer product: candidate sour... || ...ffline-online evaluation harness — NDCG/MRR/recall calibrated to live A/B metrics,... || Owned the end-to-end ranking pipeline at a recommendations-heavy... || ...y-stage product companies and at larger scale, and I've spent enough time on both tha..."
10,CAND_0088025,Staff Machine Learning Engineer,Staff Machine Learning Engineer | Building AI-native search & ranking systems,8.6,15,0.41476274625360665,1.0,0.825,0.7307721572094154,Staff Machine Learning Engineer | Building AI-native search & ranking systems,"Senior AI engineer with 8.6 years of hands-on experience building production ML systems, with a focus on search, retrieval, and ranking. Most recently, I designed the company's first hybrid retrieval ...","...cessive ranker variants and ran them in A/B testing alongside the legacy keyword system. Th... || ...ed the end-to-end ranking pipeline at a recommendations-heavy consumer product: candidate sour... || ...n from keyword-based to embedding-based search across a 30M+ candidate corpus over 8 m... || ...first hybrid retrieval system combining BM25 with dense vector recall, serving 50M+... || Owned the end-to-end ranking pipeline at a recommendations-heavy..."
11,CAND_0046525,Senior Machine Learning Engineer,Senior Machine Learning Engineer | Building AI-native search & ranking systems,6.1,12,0.390107173047112,0.8466,0.875,0.7200921519141337,Senior Machine Learning Engineer | Building AI-native search & ranking systems,"Senior AI engineer with 6.1 years of hands-on experience building production ML systems, with a focus on search, retrieval, and ranking. Most recently, I designed the company's first hybrid retrieval ...","...cessive ranker variants and ran them in A/B testing alongside the legacy keyword system. Th... || ...aluation framework from scratch — NDCG, MRR, recall@K calibrated against online A/B... || ...n from keyword-based to embedding-based search across a 30M+ candidate corpus over 8 m... || ...latency budget was tight. Designed the offline evaluation framework from scratch — NDCG, MRR, rec... || ...first hybrid retrieval system combining BM25 with dense vector recall, handling peak..."
12,CAND_0008425,Senior NLP Engineer,Senior NLP Engineer | Production ML at scale | 7.8+ yrs,7.8,11,0.45695162536464917,0.9118999999999999,0.925,0.7191171542760615,Senior NLP Engineer | Production ML at scale | 7.8+ yrs,"Senior AI engineer with 7.8 years of hands-on experience building production ML systems, with a focus on search, retrieval, and ranking. Most recently, I rebuilt the candidate-JD matching pipeline fro...","...8 years of hands-on experience building production ML systems, with a focus on search, ret... || ...ting in fine-tuning, optimizing offline metrics that don't move online — so I notice th... || ...ed the end-to-end ranking pipeline at a recommendations-heavy consumer product: candidate sour... || ...). The new system reduced p95 retrieval latency by 60% while improving NDCG@10 by 18% o... || ...single-digit-millisecond p95 retrieval latency. My day-to-day work spans embedding mod..."
13,CAND_0039754,Senior Applied Scientist,Senior Applied Scientist | Building AI-native search & ranking systems,16.2,18,0.4515254134240772,0.97,0.925,0.7055203091439565,Senior Applied Scientist | Building AI-native search & ranking systems,"Senior AI engineer with 8.3 years of hands-on experience building production ML systems, with a focus on search, retrieval, and ranking. Most recently, I rebuilt the candidate-JD matching pipeline fro...","...h, taking it from 0.72 to 0.91 NDCG@10, serving 50M+ queries per month. My day-to-day w... || ...aluation framework from scratch — NDCG, MRR, recall@K calibrated against online A/B... || ...ed the end-to-end ranking pipeline at a recommendations-heavy consumer product: candidate sour... || ...3 years of hands-on experience building production ML systems, with a focus on search, ret... || ...). The new system reduced p95 retrieval latency by 60% while improving NDCG@10 by 18% o..."
14,CAND_0069905,Applied ML Engineer,"Applied ML Engineer | Search, Ranking & Retrieval",6.6,11,0.46641056446900403,0.8869,0.75,0.6979348360073678,"Applied ML Engineer | Search, Ranking & Retrieval","Machine learning engineer with 6.6 years of experience building ML-powered features in production. Strong background in NLP, recommendation systems, and applied AI; comfortable across the ML stack fro...","...led the team that migrated our keyword-search-based product to embedding-based retrie... || ...valuation framework with both automatic metrics (BLEU, ROUGE) and human-in-the-loop qua... || ...erience building ML-powered features in production. Strong background in NLP, recommendati... || Developed a semantic search feature for an internal knowledge base... || ...search-based product to embedding-based retrieval. Along the way I've gotten comfortable..."
15,CAND_0007411,Senior Machine Learning Engineer,Senior Machine Learning Engineer | Production ML at scale | 8.0+ yrs,8.0,11,0.37674014778848586,0.9253,0.8,0.6979270443365457,Senior Machine Learning Engineer | Production ML at scale | 8.0+ yrs,"Senior AI engineer with 8.0 years of hands-on experience building production ML systems, with a focus on search, retrieval, and ranking. Most recently, I owned the offline-online evaluation harness — ...","...ed the end-to-end ranking pipeline at a recommendations-heavy consumer product: candidate sour... || ...ffline-online evaluation harness — NDCG/MRR/recall calibrated to live A/B metrics,... || Owned the end-to-end ranking pipeline at a recommendations-heavy... || ...y-stage product companies and at larger scale, and I've spent enough time on both tha... || ...sing a fine-tuned BGE-large) → Pinecone retrieval → learning-to-rank re-scoring (XGBoost)..."
16,CAND_0094759,Lead AI Engineer,Lead AI Engineer | Production ML at scale | 8.6+ yrs,8.6,11,0.4054249173597267,0.8648,0.875,0.6956041418745846,Lead AI Engineer | Production ML at scale | 8.6+ yrs,"Senior AI engineer with 8.6 years of hands-on experience building production ML systems, with a focus on search, retrieval, and ranking. Most recently, I rebuilt the candidate-JD matching pipeline fro...","...cessive ranker variants and ran them in A/B testing alongside the legacy keyword system. Th... || ...aluation framework from scratch — NDCG, MRR, recall@K calibrated against online A/B... || ...n from keyword-based to embedding-based search across a 30M+ candidate corpus over 8 m... || ...latency budget was tight. Designed the offline evaluation framework from scratch — NDCG, MRR, rec... || ...y-stage product companies and at larger scale, and I've spent enough time on both tha..."
17,CAND_0080766,Staff Machine Learning Engineer,Senior Engineer | Search & Discovery Infrastructure,8.8,10,0.44375510346158203,0.7217,0.925,0.6939681977051414,Senior Engineer | Search & Discovery Infrastructure,Senior engineer who has spent the last several years building systems that connect users with relevant information at scale. Comfortable across the full stack from infrastructure to algorithms to prod...,...ime on the eval side — building offline metrics that actually correlated with online en... || Designed the ranking layer for the company's flagship produc... || ...). The new system reduced p95 retrieval latency by 60% while improving NDCG@10 by 18% o... || Designed the ranking layer for the company's flagship pro... || ...erence for shipping real systems over research-only work; I'd rather have a working v1...
18,CAND_0075249,Applied ML Engineer,"Applied ML Engineer | Search, Ranking & Retrieval",6.2,8,0.4530094946815247,0.7823333333333333,0.775,0.6897561817377909,"Applied ML Engineer | Search, Ranking & Retrieval","Machine learning engineer with 6.2 years of experience building ML-powered features in production. Strong background in NLP, recommendation systems, and applied AI; comfortable across the ML stack fro...",Built a content recommendation system serving 10M+ users that combined... || ...spent enough time debugging production ranking issues to know which signals matter... || ...e) with FAISS for fast nearest-neighbor retrieval. Designed the query expansion module th... || Search Engineer || ...laborative filtering with content-based ranking. The system uses item-item similarity (...
19,CAND_0070398,Machine Learning Engineer,"Machine Learning Engineer | Search, Ranking & Retrieval",7.2,13,0.490113393843891,0.8734000000000001,0.75,0.6875440181531673,"Machine Learning Engineer | Search, Ranking & Retrieval","Machine learning engineer with 7.2 years of experience building ML-powered features in production. Strong background in NLP, recommendation systems, and applied AI; comfortable across the ML stack fro...","Machine Learning Engineer | Search, Ranking & Retrieval || ...stack from feature engineering through deployment. Recently, I've been the de-facto ML le... || ...erience building ML-powered features in production. Strong background in NLP, recommendati... || Developed a semantic search feature for an internal knowledge base... || ...n production. Strong background in NLP, recommendation systems, and applied AI; comfortable ac..."
20,CAND_0098846,AI Engineer,"AI Engineer | Search, Ranking & Retrieval",7.6,11,0.44538144226722975,0.7796,0.75,0.685814432680169,"AI Engineer | Search, Ranking & Retrieval","Machine learning engineer with 7.6 years of experience building ML-powered features in production. Strong background in NLP, recommendation systems, and applied AI; comfortable across the ML stack fro...","...stack from feature engineering through deployment. Recently, I've been the de-facto ML le... || ...valuation framework with both automatic metrics (BLEU, ROUGE) and human-in-the-loop qua... || ...erience building ML-powered features in production. Strong background in NLP, recommendati... || Built and operated production ML pipelines using MLflow for experimen... || ...ned the ranking layer for an e-commerce search product, evolving it from a hand-tuned..."
21,CAND_0068811,Applied ML Engineer,Applied ML Engineer | Applied ML | Building intelligent products,8.0,11,0.44889345945582393,0.7920999999999999,0.825,0.6809897045034139,Applied ML Engineer | Applied ML | Building intelligent products,"Machine learning engineer with 8.0 years of experience building ML-powered features in production. Strong background in NLP, recommendation systems, and applied AI; comfortable across the ML stack fro...","Built a content recommendation system serving 10M+ users that combined... || ...ned the ranking layer for an e-commerce search product, evolving it from a hand-tuned... || Search Engineer || ...laborative filtering with content-based ranking. The system uses item-item similarity (... || ...led the team that migrated our keyword-search-based product to embedding-based retrie..."
22,CAND_0018549,Recommendation Systems Engineer,"Recommendation Systems Engineer | ML, NLP, Recommendation Systems",6.8,10,0.411999824260081,0.7637999999999999,0.775,0.6797999472780243,"Recommendation Systems Engineer | ML, NLP, Recommendation Systems","Machine learning engineer with 6.8 years of experience building ML-powered features in production. Strong background in NLP, recommendation systems, and applied AI; comfortable across the ML stack fro...","...led the team that migrated our keyword-search-based product to embedding-based retrie... || ...laborative filtering with content-based ranking. The system uses item-item similarit... || ...system serving 10M+ users that combined collaborative filtering with content-based ranking. The system... || Built a content recommendation system serving 10M+ users that combined... || ...erience building ML-powered features in production. Strong background in NLP, recommendati..."
23,CAND_0007009,Recommendation Systems Engineer,"Recommendation Systems Engineer | ML, NLP, Recommendation Systems",7.9,12,0.42321556548078815,0.8243999999999999,0.7000000000000001,0.676891336310903,"Recommendation Systems Engineer | ML, NLP, Recommendation Systems","Machine learning engineer with 7.9 years of experience building ML-powered features in production. Strong background in NLP, recommendation systems, and applied AI; comfortable across the ML stack fro...","...ent of 35% over the prior Elasticsearch BM25 setup, validated through human relevanc... || ...valuation framework with both automatic metrics (BLEU, ROUGE) and human-in-the-loop qua... || ...erience building ML-powered features in production. Strong background in NLP, recommendati... || Developed a semantic search feature for an internal knowledge base... || ...n production. Strong background in NLP, recommendation systems, and applied AI; comfortable ac..."
24,CAND_0087630,AI Engineer,AI Engineer | Applied ML | Building intelligent products,7.2,12,0.3525477341926185,0.8744,0.75,0.6745509869244523,AI Engineer | Applied ML | Building intelligent products,"Machine learning engineer with 7.2 years of experience building ML-powered features in production. Strong background in NLP, recommendation systems, and applied AI; comfortable across the ML stack fro...","Built a content recommendation system serving 10M+ users that combined collaborative... || Built a content recommendation system serving 10M+ users that combined... || ...laborative filtering with content-based ranking. The system uses item-item similarit... || ...system serving 10M+ users that combined collaborative filtering with content-based ranking. The system... || ...erience building ML-powered features in production. Strong background in NLP, recommendati..."
25,CAND_0041669,Recommendation Systems Engineer,"Recommendation Systems Engineer | Search, Ranking & Retrieval",8.0,11,0.46010920067653105,0.7820999999999999,0.7000000000000001,0.6723910935362928,"Recommendation Systems Engineer | Search, Ranking & Retrieval","Machine learning engineer with 8.0 years of experience building ML-powered features in production. Strong background in NLP, recommendation systems, and applied AI; comfortable across the ML stack fro...","Recommendation Systems Engineer | Search, Ranking & Re... || Built a content recommendation system serving 10M+ users that combined... || ...ned the ranking layer for an e-commerce search product, evolving it from a hand-tuned... || ...spent enough time debugging production ranking issues to know which signals matter... || Search Engineer"
26,CAND_0065878,Senior Data Scientist,"Senior Data Scientist | ML, NLP, Recommendation Systems",7.8,9,0.49090394473113497,0.7239333333333333,0.7000000000000001,0.671014516752674,"Senior Data Scientist | ML, NLP, Recommendation Systems","Machine learning engineer with 7.8 years of experience building ML-powered features in production. Strong background in NLP, recommendation systems, and applied AI; comfortable across the ML stack fro...","Built a content recommendation system serving 10M+ users that combined collaborative... || ...laborative filtering with content-based ranking. The system uses item-item similarit... || ...system serving 10M+ users that combined collaborative filtering with content-based ranking. The system... || Built a content recommendation system serving 10M+ users that combined... || ...erience building ML-powered features in production. Strong background in NLP, recommendati..."
27,CAND_0083307,Search Engineer,"Search Engineer | Search, Ranking & Retrieval",7.8,11,0.5092921986740098,0.8277,0.75,0.6700126596022029,"Search Engineer | Search, Ranking & Retrieval","Machine learning engineer with 7.8 years of experience building ML-powered features in production. Strong background in NLP, recommendation systems, and applied AI; comfortable across the ML stack fro...","...valuation framework with both automatic metrics (BLEU, ROUGE) and human-in-the-loop qua... || ...erience building ML-powered features in production. Strong background in NLP, recommendati... || Developed a semantic search feature for an internal knowledge base... || ...ned the ranking layer for an e-commerce search product, evolving it from a hand-tuned... || ...n production. Strong background in NLP, recommendation systems, and applied AI; comfortable ac..."
28,CAND_0058688,AI Engineer,AI Engineer | Applied ML | Building intelligent products,6.7,9,0.29572619897168817,0.7546333333333333,0.825,0.6694728596915065,AI Engineer | Applied ML | Building intelligent products,"Machine learning engineer with 6.7 years of experience building ML-powered features in production. Strong background in NLP, recommendation systems, and applied AI; comfortable across the ML stack fro...","...laborative filtering with content-based ranking. The system uses item-item similarit... || ...system serving 10M+ users that combined collaborative filtering with content-based ranking. The system... || Built a content recommendation system serving 10M+ users that combined... || ...erience building ML-powered features in production. Strong background in NLP, recommendati... || Built and operated production ML pipelines using MLflow for experimen..."
29,CAND_0010685,NLP Engineer,NLP Engineer | Applied ML | Building intelligent products,6.7,10,0.509238822628444,0.7493000000000001,0.75,0.6675366467885333,NLP Engineer | Applied ML | Building intelligent products,"Machine learning engineer with 6.7 years of experience building ML-powered features in production. Strong background in NLP, recommendation systems, and applied AI; comfortable across the ML stack fro...","...ned the ranking layer for an e-commerce search product, evolving it from a hand-tuned... || ...spent enough time debugging production ranking issues to know which signals matter... || ...e) with FAISS for fast nearest-neighbor retrieval. Designed the query expansion module th... || Search Engineer || ...erience building ML-powered features in production. Strong background in NLP, recommendati..."
30,CAND_0086151,Recommendation Systems Engineer,"Recommendation Systems Engineer | Search, Ranking & Retrieval",7.7,12,0.48964593379837335,0.8069999999999999,0.775,0.667133780139512,"Recommendation Systems Engineer | Search, Ranking & Retrieval","Machine learning engineer with 7.7 years of experience building ML-powered features in production. Strong background in NLP, recommendation systems, and applied AI; comfortable across the ML stack fro...","Recommendation Systems Engineer | Search, Ranking & Re... || Built a content recommendation system serving 10M+ users that combined... || ...ned the ranking layer for an e-commerce search product, evolving it from a hand-tuned... || ...e) with FAISS for fast nearest-neighbor retrieval. Designed the query expansion module th... || Search Engineer"
31,CAND_0052682,NLP Engineer,NLP Engineer | Applied ML | Building intelligent products,6.6,9,0.33430795859472295,0.7222,0.7000000000000001,0.6666557209117503,NLP Engineer | Applied ML | Building intelligent products,"Machine learning engineer with 6.6 years of experience building ML-powered features in production. Strong background in NLP, recommendation systems, and applied AI; comfortable across the ML stack fro...","...ross NLP and recsys. I care a lot about evaluation rigor — too many teams ship models with... || Built a content recommendation system serving 10M+ users that combined... || ...laborative filtering with content-based ranking. The system uses item-item similarit... || ...system serving 10M+ users that combined collaborative filtering with content-based ranking. The system... || ...valuation framework with both automatic metrics (BLEU, ROUGE) and human-in-the-loop qua..."
32,CAND_0064326,Search Engineer,"Search Engineer | Search, Ranking & Retrieval",7.6,11,0.49708405217551366,0.6911,0.625,0.6660702156526541,"Search Engineer | Search, Ranking & Retrieval","Machine learning engineer with 7.6 years of experience building ML-powered features in production. Strong background in NLP, recommendation systems, and applied AI; comfortable across the ML stack fro...","...valuation framework with both automatic metrics (BLEU, ROUGE) and human-in-the-loop qua... || ...erience building ML-powered features in production. Strong background in NLP, recommendati... || ...ned the ranking layer for an e-commerce search product, evolving it from a hand-tuned... || ...n production. Strong background in NLP, recommendation systems, and applied AI; comfortable ac... || ...spent enough time debugging production ranking issues to know which signals matter..."
33,CAND_0027801,NLP Engineer,"NLP Engineer | ML, NLP, Recommendation Systems",7.4,10,0.44642319371736655,0.8398,0.75,0.6642102914485434,"NLP Engineer | ML, NLP, Recommendation Systems","Machine learning engineer with 7.4 years of experience building ML-powered features in production. Strong background in NLP, recommendation systems, and applied AI; comfortable across the ML stack fro...","Built and operated production ML pipelines using MLflow for experimen... || ...erience building ML-powered features in production. Strong background in NLP, recommendati... || Developed a semantic search feature for an internal knowledge base... || ...n production. Strong background in NLP, recommendation systems, and applied AI; comfortable ac... || ...vance improvement of 35% over the prior Elasticsearch BM25 setup, validated through human rel..."
34,CAND_0092278,Senior NLP Engineer,Senior NLP Engineer | Building AI-native search & ranking systems,6.8,11,0.45254773419261846,0.9403999999999999,0.8,0.6629443202577855,Senior NLP Engineer | Building AI-native search & ranking systems,"Senior AI engineer with 6.8 years of hands-on experience building production ML systems, with a focus on search, retrieval, and ranking. Most recently, I drove the platform's RAG strategy from prototy...","...8 years of hands-on experience building production ML systems, with a focus on search, ret... || ...aluation framework from scratch — NDCG, MRR, recall@K calibrated against online A/B... || ...latency budget was tight. Designed the offline evaluation framework from scratch — NDCG, MRR, rec... || ...ion ML systems, with a focus on search, retrieval, and ranking. Most recently, I drove th... || ...y-stage product companies and at larger scale, and I've spent enough time on both tha..."
35,CAND_0062247,AI Engineer,"AI Engineer | ML, NLP, Recommendation Systems",7.3,11,0.41868884744215273,0.7693,0.7000000000000001,0.6591716542326459,"AI Engineer | ML, NLP, Recommendation Systems","Machine learning engineer with 7.3 years of experience building ML-powered features in production. Strong background in NLP, recommendation systems, and applied AI; comfortable across the ML stack fro...","...led the team that migrated our keyword-search-based product to embedding-based retrie... || ...search-based product to embedding-based retrieval. I've spent enough time debugging produ... || AI Engineer | ML, NLP, Recommendation Systems || ...erience building ML-powered features in production. Strong background in NLP, recommendati... || Developed a semantic search feature for an internal knowledge base..."
36,CAND_0028793,Search Engineer,"Search Engineer | ML, NLP, Recommendation Systems",7.2,9,0.4840360086174259,0.7455666666666666,0.7000000000000001,0.6565824692518943,"Search Engineer | ML, NLP, Recommendation Systems","Machine learning engineer with 7.2 years of experience building ML-powered features in production. Strong background in NLP, recommendation systems, and applied AI; comfortable across the ML stack fro...","...valuation framework with both automatic metrics (BLEU, ROUGE) and human-in-the-loop qua... || ...erience building ML-powered features in production. Strong background in NLP, recommendati... || ...al framework for it. I care a lot about evaluation rigor — too many teams ship models with... || Developed a semantic search feature for an internal knowledge base... || ...n production. Strong background in NLP, recommendation systems, and applied AI; comfortable ac..."
37,CAND_0044222,AI Engineer,"AI Engineer | ML, NLP, Recommendation Systems",7.7,12,0.42200331067509234,0.7110000000000001,0.7000000000000001,0.6565443265358611,"AI Engineer | ML, NLP, Recommendation Systems","Machine learning engineer with 7.7 years of experience building ML-powered features in production. Strong background in NLP, recommendation systems, and applied AI; comfortable across the ML stack fro...","...search-based product to embedding-based retrieval. I care a lot about evaluation rigor —... || ...led the team that migrated our keyword-search-based product to embedding-based retrie... || AI Engineer | ML, NLP, Recommendation Systems || ...erience building ML-powered features in production. Strong background in NLP, recommendati... || Developed a semantic search feature for an internal knowledge base..."
38,CAND_0060054,AI Engineer,"AI Engineer | ML, NLP, Recommendation Systems",6.4,7,0.475924466663035,0.6219333333333333,0.775,0.6562373399989105,"AI Engineer | ML, NLP, Recommendation Systems","Machine learning engineer with 6.4 years of experience building ML-powered features in production. Strong background in NLP, recommendation systems, and applied AI; comfortable across the ML stack fro...","Built a content recommendation system serving 10M+ users that combined... || AI Engineer | ML, NLP, Recommendation Systems || ...our discovery feed. I care a lot about evaluation rigor — too many teams ship models with... || ...e) with FAISS for fast nearest-neighbor retrieval. Designed the query expansion module th... || ...laborative filtering with content-based ranking. The system uses item-item similarity (..."
39,CAND_0091909,Machine Learning Engineer,"Machine Learning Engineer | ML, NLP, Recommendation Systems",6.9,10,0.38984156739213943,0.8581,0.7000000000000001,0.6515108035509752,"Machine Learning Engineer | ML, NLP, Recommendation Systems","Machine learning engineer with 6.9 years of experience building ML-powered features in production. Strong background in NLP, recommendation systems, and applied AI; comfortable across the ML stack fro...","Machine Learning Engineer | ML, NLP, Recommendation Systems || ...laborative filtering with content-based ranking. The system uses item-item similarit... || ...NLP and recsys. I've learned that most retrieval problems are actually evaluation proble... || ...system serving 10M+ users that combined collaborative filtering with content-based ranking. The system... || Built a content recommendation system serving 10M+ users that combined..."
40,CAND_0058412,Senior Software Engineer (ML),Senior Software Engineer (ML) | Data Science & ML enthusiast,6.6,12,0.4540512461316615,0.7095,0.7000000000000001,0.6510170405061652,Senior Software Engineer (ML) | Data Science & ML enthusiast,"Data scientist / ML engineer with 6.6 years of experience in applied machine learning. Worked across predictive modeling, NLP, analytics, and lightweight deployment workflows. I've spent the last coup...","...hon, scikit-learn, pandas, and standard MLOps tooling, but I'm still building depth o... || ..., but production. Used a combination of collaborative filtering (matrix factorization in implicit-feedb... || ...ight than ranking systems at FAANG, but production. Used a combination of collaborative fi... || ...mid-stage startup — lighter weight than ranking systems at FAANG, but production. Used... || ...— closer to retrieval, LLMs, and modern ranking systems."
41,CAND_0047721,Senior Data Scientist,"Senior Data Scientist | ML, NLP, Recommendation Systems",7.0,11,0.3998450538071507,0.8105,0.7000000000000001,0.6480318494754784,"Senior Data Scientist | ML, NLP, Recommendation Systems","Machine learning engineer with 7.0 years of experience building ML-powered features in production. Strong background in NLP, recommendation systems, and applied AI; comfortable across the ML stack fro...",Built a content recommendation system serving 10M+ users that combined collaborative... || ...laborative filtering with content-based ranking. The system uses item-item similarit... || ...NLP and recsys. I've learned that most retrieval problems are actually evaluation proble... || ...system serving 10M+ users that combined collaborative filtering with content-based ranking. The system... || Built a content recommendation system serving 10M+ users that combined...
42,CAND_0070202,Machine Learning Engineer,"Machine Learning Engineer | Search, Ranking & Retrieval",5.1,11,0.4211751426751886,0.8667,0.775,0.6476908761358899,"Machine Learning Engineer | Search, Ranking & Retrieval","Machine learning engineer with 5.1 years of experience building ML-powered features in production. Strong background in NLP, recommendation systems, and applied AI; comfortable across the ML stack fro...","Built a content recommendation system serving 10M+ users that combined... || ...ned the ranking layer for an e-commerce search product, evolving it from a hand-tuned... || ...e Learning Engineer | Search, Ranking & Retrieval || ...spent enough time debugging production ranking issues to know which signals matter... || Search Engineer"
43,CAND_0050454,AI Engineer,AI Engineer | Applied ML | Building intelligent products,6.8,14,0.43535073385533335,0.7552000000000001,0.7000000000000001,0.6462118868232667,AI Engineer | Applied ML | Building intelligent products,"Machine learning engineer with 6.8 years of experience building ML-powered features in production. Strong background in NLP, recommendation systems, and applied AI; comfortable across the ML stack fro...","...search-based product to embedding-based retrieval. I care a lot about evaluation rigor —... || ...led the team that migrated our keyword-search-based product to embedding-based retrie... || ...erience building ML-powered features in production. Strong background in NLP, recommendati... || Developed a semantic search feature for an internal knowledge base... || ...ned the ranking layer for an e-commerce search product, evolving it from a hand-tuned..."
44,CAND_0015967,Senior Software Engineer (ML),Senior Software Engineer (ML) | Data Science & ML enthusiast,5.4,9,0.3895065561970227,0.6618333333333333,0.7000000000000001,0.6460303001924401,Senior Software Engineer (ML) | Data Science & ML enthusiast,"Data scientist / ML engineer with 5.4 years of experience in applied machine learning. Worked across predictive modeling, NLP, analytics, and lightweight deployment workflows. I've been working on rec...","...deling, NLP, analytics, and lightweight deployment workflows. I've been working on recomme... || ...modeling work was secondary — I was the production-side engineer. || ...mid-stage startup — lighter weight than ranking systems at FAANG, but production. Us... || ...s. Pure ML side of the work; production deployment was handled by the platform team. || ...hon, scikit-learn, pandas, and standard MLOps tooling, but I'm still building depth o..."
45,CAND_0019480,NLP Engineer,"NLP Engineer | Search, Ranking & Retrieval",2.8,12,0.46240896305942947,0.6711,0.7000000000000001,0.6449510222511622,"NLP Engineer | Search, Ranking & Retrieval","Machine learning engineer with 7.4 years of experience building ML-powered features in production. Strong background in NLP, recommendation systems, and applied AI; comfortable across the ML stack fro...","...search-based product to embedding-based retrieval. I care a lot about evaluation rigor —... || ...led the team that migrated our keyword-search-based product to embedding-based retrie... || ...valuation framework with both automatic metrics (BLEU, ROUGE) and human-in-the-loop qua... || ...erience building ML-powered features in production. Strong background in NLP, recommendati... || ...n production. Strong background in NLP, recommendation systems, and applied AI; comfortable ac..."
46,CAND_0007412,Applied ML Engineer,"Applied ML Engineer | ML, NLP, Recommendation Systems",7.4,8,0.49374253834247855,0.6801333333333334,0.6749999999999999,0.6445994281694103,"Applied ML Engineer | ML, NLP, Recommendation Systems","Machine learning engineer with 7.4 years of experience building ML-powered features in production. Strong background in NLP, recommendation systems, and applied AI; comfortable across the ML stack fro...","Applied ML Engineer | ML, NLP, Recommendation Systems || ...stack from feature engineering through deployment. Recently, I've been the de-facto ML le... || ...valuation framework with both automatic metrics (BLEU, ROUGE) and human-in-the-loop qua... || ...erience building ML-powered features in production. Strong background in NLP, recommendati... || ...ned the ranking layer for an e-commerce search product, evolving it from a hand-tuned..."
47,CAND_0045250,Applied ML Engineer,"Applied ML Engineer | Search, Ranking & Retrieval",6.6,11,0.35484749657551684,0.7957,0.75,0.6434392489726551,"Applied ML Engineer | Search, Ranking & Retrieval","Machine learning engineer with 6.6 years of experience building ML-powered features in production. Strong background in NLP, recommendation systems, and applied AI; comfortable across the ML stack fro...","...led the team that migrated our keyword-search-based product to embedding-based retrie... || Built and operated production ML pipelines using MLflow for experimen... || ...erience building ML-powered features in production. Strong background in NLP, recommendati... || ...n production. Strong background in NLP, recommendation systems, and applied AI; comfortable ac... || ...search-based product to embedding-based retrieval. Along the way I've gotten comfortable..."
48,CAND_0095528,Senior Data Scientist,"Senior Data Scientist | Search, Ranking & Retrieval",5.3,11,0.3568122477632985,0.7632,0.825,0.6423736743289896,"Senior Data Scientist | Search, Ranking & Retrieval","Machine learning engineer with 5.3 years of experience building ML-powered features in production. Strong background in NLP, recommendation systems, and applied AI; comfortable across the ML stack fro...",...ross NLP and recsys. I care a lot about evaluation rigor — too many teams ship models with... || ...laborative filtering with content-based ranking. The system uses item-item similarit... || ...system serving 10M+ users that combined collaborative filtering with content-based ranking. The system... || Built a content recommendation system serving 10M+ users that combined... || ...eature pipeline (~200 features) and the A/B testing infrastructure. The launch improved 7-d...
49,CAND_0011432,Senior Data Scientist,Senior Data Scientist | Applied ML | Building intelligent products,7.6,11,0.3728140465999397,0.7424999999999999,0.625,0.6403792139799819,Senior Data Scientist | Applied ML | Building intelligent products,"Machine learning engineer with 7.6 years of experience building ML-powered features in production. Strong background in NLP, recommendation systems, and applied AI; comfortable across the ML stack fro...","...NLP and recsys. I've learned that most retrieval problems are actually evaluation proble... || ...valuation framework with both automatic metrics (BLEU, ROUGE) and human-in-the-loop qua... || ...stack from feature engineering through deployment. Recently, I've been the de-facto ML le... || ...erience building ML-powered features in production. Strong background in NLP, recommendati... || ...n production. Strong background in NLP, recommendation systems, and applied AI; comfortable ac..."
50,CAND_0014440,Recommendation Systems Engineer,"Recommendation Systems Engineer | Search, Ranking & Retrieval",6.4,11,0.43646546342942105,0.5998000000000001,0.75,0.6396829723621597,"Recommendation Systems Engineer | Search, Ranking & Retrieval","Machine learning engineer with 6.4 years of experience building ML-powered features in production. Strong background in NLP, recommendation systems, and applied AI; comfortable across the ML stack fro...","...led the team that migrated our keyword-search-based product to embedding-based retrie... || Recommendation Systems Engineer | Search, Ranking & Re... || Built and operated production ML pipelines using MLflow for experimen... || ...erience building ML-powered features in production. Strong background in NLP, recommendati... || ...ned the ranking layer for an e-commerce search product, evolving it from a hand-tuned..."
51,CAND_0037000,Search Engineer,"Search Engineer | ML, NLP, Recommendation Systems",2.7,10,0.4866013766552969,0.6655,0.7000000000000001,0.6386154129965891,"Search Engineer | ML, NLP, Recommendation Systems","Machine learning engineer with 6.3 years of experience building ML-powered features in production. Strong background in NLP, recommendation systems, and applied AI; comfortable across the ML stack fro...",
52,CAND_0004402,AI Research Engineer,AI Research Engineer | 6.0 yrs in analytics & ML,6.0,12,0.41902385863726943,0.746,0.7000000000000001,0.6380871575911808,AI Research Engineer | 6.0 yrs in analytics & ML,"Data scientist / ML engineer with 6.0 years of experience in applied machine learning. Worked across predictive modeling, NLP, analytics, and lightweight deployment workflows. My current role is split...",
53,CAND_0018722,Recommendation Systems Engineer,"Recommendation Systems Engineer | Search, Ranking & Retrieval",6.6,7,0.46308238663668017,0.6771666666666667,0.75,0.6373963826576707,"Recommendation Systems Engineer | Search, Ranking & Retrieval","Machine learning engineer with 6.6 years of experience building ML-powered features in production. Strong background in NLP, recommendation systems, and applied AI; comfortable across the ML stack fro...",
54,CAND_0037980,Senior Applied Scientist,Senior Engineer | Information Retrieval at scale,9.0,11,0.39464491219126463,0.6709,0.8,0.6341118069907128,Senior Engineer | Information Retrieval at scale,Senior engineer who has spent the last several years building systems that connect users with relevant information at scale. Comfortable across the full stack from infrastructure to algorithms to prod...,
55,CAND_0066035,Data Scientist,Data Scientist | Building ML-powered solutions,6.7,12,0.31593072575736536,0.7535999999999999,0.7000000000000001,0.6325392177272097,Data Scientist | Building ML-powered solutions,"Data scientist / ML engineer with 6.7 years of experience in applied machine learning. Worked across predictive modeling, NLP, analytics, and lightweight deployment workflows. My current role is split...",
56,CAND_0027691,NLP Engineer,"NLP Engineer | ML, NLP, Recommendation Systems",6.5,10,0.4569516253646492,0.7983,0.75,0.6308020290962674,"NLP Engineer | ML, NLP, Recommendation Systems","Machine learning engineer with 6.5 years of experience building ML-powered features in production. Strong background in NLP, recommendation systems, and applied AI; comfortable across the ML stack fro...",
57,CAND_0039383,Applied ML Engineer,Applied ML Engineer | Applied ML | Building intelligent products,7.1,10,0.4643897437417895,0.6597999999999999,0.7000000000000001,0.6302669231225368,Applied ML Engineer | Applied ML | Building intelligent products,"Machine learning engineer with 7.1 years of experience building ML-powered features in production. Strong background in NLP, recommendation systems, and applied AI; comfortable across the ML stack fro...",
58,CAND_0013665,Senior Software Engineer (ML),Senior Software Engineer (ML) | Building ML-powered solutions,5.2,8,0.372479035404823,0.6194999999999999,0.7000000000000001,0.6294453772881136,Senior Software Engineer (ML) | Building ML-powered solutions,"Data scientist / ML engineer with 5.2 years of experience in applied machine learning. Worked across predictive modeling, NLP, analytics, and lightweight deployment workflows. My current role is split...",
59,CAND_0082913,Senior Software Engineer (ML),Senior Software Engineer (ML) | Building ML-powered solutions,5.5,10,0.3676139049840537,0.6505000000000001,0.7000000000000001,0.6288825048285495,Senior Software Engineer (ML) | Building ML-powered solutions,"Data scientist / ML engineer with 5.5 years of experience in applied machine learning. Worked across predictive modeling, NLP, analytics, and lightweight deployment workflows. I've spent the last coup...",
60,CAND_0010257,Senior Data Scientist,Senior Data Scientist | Applied ML | Building intelligent products,6.5,9,0.4012472426500011,0.7040333333333333,0.825,0.6287525061283337,Senior Data Scientist | Applied ML | Building intelligent products,"Machine learning engineer with 6.5 years of experience building ML-powered features in production. Strong background in NLP, recommendation systems, and applied AI; comfortable across the ML stack fro...",
61,CAND_0096142,Applied ML Engineer,"Applied ML Engineer | Search, Ranking & Retrieval",5.0,10,0.3811294085876592,0.8070999999999999,0.75,0.6276738225762977,"Applied ML Engineer | Search, Ranking & Retrieval","Machine learning engineer with 5.0 years of experience building ML-powered features in production. Strong background in NLP, recommendation systems, and applied AI; comfortable across the ML stack fro...",
62,CAND_0044855,Senior Data Scientist,"Senior Data Scientist | ML, NLP, Recommendation Systems",6.6,12,0.45281956064437007,0.893,0.825,0.6259843640101137,"Senior Data Scientist | ML, NLP, Recommendation Systems","Machine learning engineer with 6.6 years of experience building ML-powered features in production. Strong background in NLP, recommendation systems, and applied AI; comfortable across the ML stack fro...",
63,CAND_0041610,Recommendation Systems Engineer,"Recommendation Systems Engineer | Search, Ranking & Retrieval",6.7,12,0.4752371570896104,0.8051999999999999,0.75,0.6241703428049905,"Recommendation Systems Engineer | Search, Ranking & Retrieval","Machine learning engineer with 6.7 years of experience building ML-powered features in production. Strong background in NLP, recommendation systems, and applied AI; comfortable across the ML stack fro...",
64,CAND_0097176,ML Engineer,ML Engineer | 5.9 yrs in analytics & ML,5.9,7,0.3736045974871836,0.5152666666666667,0.7000000000000001,0.6219380459128218,ML Engineer | 5.9 yrs in analytics & ML,"Data scientist / ML engineer with 5.9 years of experience in applied machine learning. Worked across predictive modeling, NLP, analytics, and lightweight deployment workflows. Most of my recent work h...",
65,CAND_0010541,AI Research Engineer,AI Research Engineer | Data Science & ML enthusiast,6.2,13,0.3990959586120821,0.6676,0.7000000000000001,0.6210887875836246,AI Research Engineer | Data Science & ML enthusiast,"Data scientist / ML engineer with 6.2 years of experience in applied machine learning. Worked across predictive modeling, NLP, analytics, and lightweight deployment workflows. I've spent the last coup...",
66,CAND_0017960,Recommendation Systems Engineer,"Recommendation Systems Engineer | ML, NLP, Recommendation Systems",7.7,10,0.44820614988239943,0.7620999999999999,0.6749999999999999,0.6198568449647198,"Recommendation Systems Engineer | ML, NLP, Recommendation Systems","Machine learning engineer with 7.7 years of experience building ML-powered features in production. Strong background in NLP, recommendation systems, and applied AI; comfortable across the ML stack fro...",
67,CAND_0006557,NLP Engineer,"NLP Engineer | Search, Ranking & Retrieval",7.9,11,0.40849542698998687,0.8275999999999999,0.7000000000000001,0.6181886280969959,"NLP Engineer | Search, Ranking & Retrieval","Machine learning engineer with 7.9 years of experience building ML-powered features in production. Strong background in NLP, recommendation systems, and applied AI; comfortable across the ML stack fro...",
68,CAND_0017178,ML Engineer,ML Engineer | 4.2 yrs in analytics & ML,4.2,10,0.33552021340041877,0.5995333333333333,0.617,0.6178960640201255,ML Engineer | 4.2 yrs in analytics & ML,"Data scientist / ML engineer with 4.2 years of experience in applied machine learning. Worked across predictive modeling, NLP, analytics, and lightweight deployment workflows. I've been working on rec...",
69,CAND_0099401,NLP Engineer,"NLP Engineer | Search, Ranking & Retrieval",7.7,7,0.478075750700954,0.6309333333333332,0.825,0.6175393918769527,"NLP Engineer | Search, Ranking & Retrieval","Machine learning engineer with 7.7 years of experience building ML-powered features in production. Strong background in NLP, recommendation systems, and applied AI; comfortable across the ML stack fro...",
70,CAND_0016163,Applied ML Engineer,Applied ML Engineer | Applied ML | Building intelligent products,6.7,10,0.3923234977560731,0.6784999999999999,0.75,0.6173220493268218,Applied ML Engineer | Applied ML | Building intelligent products,"Machine learning engineer with 6.7 years of experience building ML-powered features in production. Strong background in NLP, recommendation systems, and applied AI; comfortable across the ML stack fro...",
71,CAND_0037566,Machine Learning Engineer,"Machine Learning Engineer | Search, Ranking & Retrieval",6.9,12,0.3284205074054124,0.74,0.625,0.6166628188882904,"Machine Learning Engineer | Search, Ranking & Retrieval","Machine learning engineer with 6.9 years of experience building ML-powered features in production. Strong background in NLP, recommendation systems, and applied AI; comfortable across the ML stack fro...",
72,CAND_0067866,Senior Software Engineer (ML),Senior Software Engineer (ML) | 6.4 yrs in analytics & ML,6.4,7,0.33268161978907523,0.6469999999999999,0.7000000000000001,0.6155544859367226,Senior Software Engineer (ML) | 6.4 yrs in analytics & ML,"Data scientist / ML engineer with 6.4 years of experience in applied machine learning. Worked across predictive modeling, NLP, analytics, and lightweight deployment workflows. Most of my recent work h...",
73,CAND_0005649,Senior Data Scientist,"Senior Data Scientist | Search, Ranking & Retrieval",7.4,9,0.48585228146022824,0.7465666666666666,0.75,0.6154573511047352,"Senior Data Scientist | Search, Ranking & Retrieval","Machine learning engineer with 7.4 years of experience building ML-powered features in production. Strong background in NLP, recommendation systems, and applied AI; comfortable across the ML stack fro...",
74,CAND_0015528,Applied ML Engineer,Applied ML Engineer | Applied ML | Building intelligent products,7.4,13,0.3782180082491543,0.8234,0.825,0.6151482208444433,Applied ML Engineer | Applied ML | Building intelligent products,"Machine learning engineer with 7.4 years of experience building ML-powered features in production. Strong background in NLP, recommendation systems, and applied AI; comfortable across the ML stack fro...",
75,CAND_0065786,AI Specialist,AI Specialist | 4.9 yrs in analytics & ML,4.9,9,0.4225691925036331,0.5445666666666666,0.683,0.6140890910844232,AI Specialist | 4.9 yrs in analytics & ML,"Data scientist / ML engineer with 4.9 years of experience in applied machine learning. Worked across predictive modeling, NLP, analytics, and lightweight deployment workflows. I've been working on rec...",
76,CAND_0067643,AI Research Engineer,AI Research Engineer | Data Science & ML enthusiast,6.0,10,0.48118497555678613,0.6086666666666667,0.7000000000000001,0.6139221593337024,AI Research Engineer | Data Science & ML enthusiast,"Data scientist / ML engineer with 6.0 years of experience in applied machine learning. Worked across predictive modeling, NLP, analytics, and lightweight deployment workflows. My current role is split...",
77,CAND_0057563,NLP Engineer,NLP Engineer | Applied ML | Building intelligent products,6.8,9,0.4787491742782047,0.7636,0.775,0.6116892486761126,NLP Engineer | Applied ML | Building intelligent products,"Machine learning engineer with 6.8 years of experience building ML-powered features in production. Strong background in NLP, recommendation systems, and applied AI; comfortable across the ML stack fro...",
78,CAND_0005260,Senior NLP Engineer,"Senior NLP Engineer | LLMs, RAG, Vector Search | ex-Top Tech",5.2,11,0.41246298387070823,0.9079999999999999,0.8,0.6115696944085336,"Senior NLP Engineer | LLMs, RAG, Vector Search | ex-Top Tech","Senior AI engineer with 5.2 years of hands-on experience building production ML systems, with a focus on search, retrieval, and ranking. Most recently, I drove the platform's RAG strategy from prototy...",
79,CAND_0092255,ML Engineer,ML Engineer | Data Science & ML enthusiast,5.2,9,0.3862405425850159,0.6576666666666666,0.7000000000000001,0.6108154961088381,ML Engineer | Data Science & ML enthusiast,"Data scientist / ML engineer with 5.2 years of experience in applied machine learning. Worked across predictive modeling, NLP, analytics, and lightweight deployment workflows. I've spent the last coup...",
80,CAND_0008978,Junior ML Engineer,Junior ML Engineer | 6.7 yrs in analytics & ML,6.7,13,0.3425476489646244,0.7361,0.7000000000000001,0.6106626280227206,Junior ML Engineer | 6.7 yrs in analytics & ML,"Data scientist / ML engineer with 6.7 years of experience in applied machine learning. Worked across predictive modeling, NLP, analytics, and lightweight deployment workflows. I've spent the last coup...",
81,CAND_0037160,Data Scientist,Data Scientist | Building ML-powered solutions,6.0,8,0.36401519507212426,0.6155333333333333,0.7000000000000001,0.6100678918549707,Data Scientist | Building ML-powered solutions,"Data scientist / ML engineer with 6.0 years of experience in applied machine learning. Worked across predictive modeling, NLP, analytics, and lightweight deployment workflows. I've spent the last coup...",
82,CAND_0010149,ML Engineer,ML Engineer | 6.9 yrs in analytics & ML,6.9,11,0.3826800757754889,0.6401333333333334,0.7000000000000001,0.6094906893993134,ML Engineer | 6.9 yrs in analytics & ML,"Data scientist / ML engineer with 6.9 years of experience in applied machine learning. Worked across predictive modeling, NLP, analytics, and lightweight deployment workflows. Most of my recent work h...",
83,CAND_0098952,AI Research Engineer,AI Research Engineer | Building ML-powered solutions,5.5,11,0.38848083424146423,0.5059666666666667,0.7000000000000001,0.609055916939106,AI Research Engineer | Building ML-powered solutions,"Data scientist / ML engineer with 5.5 years of experience in applied machine learning. Worked across predictive modeling, NLP, analytics, and lightweight deployment workflows. I've spent the last coup...",
84,CAND_0008202,Senior Software Engineer (ML),Senior Software Engineer (ML) | Building ML-powered solutions,5.7,11,0.36967035728423164,0.7044333333333332,0.7000000000000001,0.6069494405186028,Senior Software Engineer (ML) | Building ML-powered solutions,"Data scientist / ML engineer with 5.7 years of experience in applied machine learning. Worked across predictive modeling, NLP, analytics, and lightweight deployment workflows. I've been working on rec...",
85,CAND_0078002,Machine Learning Engineer,"Machine Learning Engineer | Search, Ranking & Retrieval",6.3,11,0.4030220598006283,0.7863,0.75,0.6065619571206993,"Machine Learning Engineer | Search, Ranking & Retrieval","Machine learning engineer with 6.3 years of experience building ML-powered features in production. Strong background in NLP, recommendation systems, and applied AI; comfortable across the ML stack fro...",
86,CAND_0043228,Applied ML Engineer,Applied ML Engineer | Applied ML | Building intelligent products,6.8,10,0.4299206181574382,0.737,0.75,0.6063665098602303,Applied ML Engineer | Applied ML | Building intelligent products,"Machine learning engineer with 6.8 years of experience building ML-powered features in production. Strong background in NLP, recommendation systems, and applied AI; comfortable across the ML stack fro...",
87,CAND_0031593,Search Engineer,"Search Engineer | ML, NLP, Recommendation Systems",7.8,6,0.4944159619197291,0.6124666666666666,0.7000000000000001,0.6055947885759188,"Search Engineer | ML, NLP, Recommendation Systems","Machine learning engineer with 7.8 years of experience building ML-powered features in production. Strong background in NLP, recommendation systems, and applied AI; comfortable across the ML stack fro...",
88,CAND_0091745,Junior ML Engineer,Junior ML Engineer | Building ML-powered solutions,5.9,9,0.31335433661397716,0.5632999999999999,0.7000000000000001,0.6048179676508597,Junior ML Engineer | Building ML-powered solutions,"Data scientist / ML engineer with 5.9 years of experience in applied machine learning. Worked across predictive modeling, NLP, analytics, and lightweight deployment workflows. Most of my recent work h...",
89,CAND_0087744,Senior Software Engineer (ML),Senior Software Engineer (ML) | 3.9 yrs in analytics & ML,3.9,11,0.29024943059531233,0.6722999999999999,0.508,0.6047031625119271,Senior Software Engineer (ML) | 3.9 yrs in analytics & ML,"Data scientist / ML engineer with 3.9 years of experience in applied machine learning. Worked across predictive modeling, NLP, analytics, and lightweight deployment workflows. I've been working on rec...",
90,CAND_0013393,ML Engineer,ML Engineer | 5.3 yrs in analytics & ML,5.3,12,0.445906387499501,0.7323,0.7000000000000001,0.6038202495831837,ML Engineer | 5.3 yrs in analytics & ML,"Data scientist / ML engineer with 5.3 years of experience in applied machine learning. Worked across predictive modeling, NLP, analytics, and lightweight deployment workflows. I've been working on rec...",
91,CAND_0054829,Computer Vision Engineer,Computer Vision Engineer | Building ML-powered solutions,5.7,9,0.3579378098456591,0.5458333333333334,0.7000000000000001,0.6037530096203645,Computer Vision Engineer | Building ML-powered solutions,"Data scientist / ML engineer with 5.7 years of experience in applied machine learning. Worked across predictive modeling, NLP, analytics, and lightweight deployment workflows. My current role is split...",
92,CAND_0045141,Data Scientist,Data Scientist | 5.3 yrs in analytics & ML,5.3,10,0.3273947854498539,0.6331333333333333,0.7000000000000001,0.6028884356349562,Data Scientist | 5.3 yrs in analytics & ML,"Data scientist / ML engineer with 5.3 years of experience in applied machine learning. Worked across predictive modeling, NLP, analytics, and lightweight deployment workflows. I've spent the last coup...",
93,CAND_0057529,Junior ML Engineer,Junior ML Engineer | Data Science & ML enthusiast,6.9,9,0.2947004770161297,0.6378,0.7000000000000001,0.6026668097715056,Junior ML Engineer | Data Science & ML enthusiast,"Data scientist / ML engineer with 6.9 years of experience in applied machine learning. Worked across predictive modeling, NLP, analytics, and lightweight deployment workflows. My current role is split...",
94,CAND_0070333,AI Research Engineer,AI Research Engineer | Building ML-powered solutions,4.7,10,0.3955839414234879,0.6333666666666666,0.667,0.6011468490937131,AI Research Engineer | Building ML-powered solutions,"Data scientist / ML engineer with 4.7 years of experience in applied machine learning. Worked across predictive modeling, NLP, analytics, and lightweight deployment workflows. My current role is split...",
95,CAND_0088385,Computer Vision Engineer,Computer Vision Engineer | 7.0 yrs in analytics & ML,7.0,11,0.36504091702768265,0.6845000000000001,0.7000000000000001,0.5997372751083048,Computer Vision Engineer | 7.0 yrs in analytics & ML,"Data scientist / ML engineer with 7.0 years of experience in applied machine learning. Worked across predictive modeling, NLP, analytics, and lightweight deployment workflows. I've spent the last coup...",
96,CAND_0005311,AI Research Engineer,AI Research Engineer | 5.7 yrs in analytics & ML,5.7,10,0.3728140465999397,0.5433333333333333,0.7000000000000001,0.5979775473133153,AI Research Engineer | 5.7 yrs in analytics & ML,"Data scientist / ML engineer with 5.7 years of experience in applied machine learning. Worked across predictive modeling, NLP, analytics, and lightweight deployment workflows. I've been working on rec...",
97,CAND_0059795,Senior Software Engineer (ML),Senior Software Engineer (ML) | Data Science & ML enthusiast,5.6,8,0.34293110978067387,0.5535666666666668,0.7000000000000001,0.5979643329342023,Senior Software Engineer (ML) | Data Science & ML enthusiast,"Data scientist / ML engineer with 5.6 years of experience in applied machine learning. Worked across predictive modeling, NLP, analytics, and lightweight deployment workflows. My current role is split...",
98,CAND_0012798,AI Research Engineer,AI Research Engineer | Data Science & ML enthusiast,5.1,9,0.42902734505228074,0.5328,0.7000000000000001,0.5979148701823509,AI Research Engineer | Data Science & ML enthusiast,"Data scientist / ML engineer with 5.1 years of experience in applied machine learning. Worked across predictive modeling, NLP, analytics, and lightweight deployment workflows. My current role is split...",
99,CAND_0080534,ML Engineer,ML Engineer | Data Science & ML enthusiast,3.8,12,0.32585513936754146,0.5832333333333334,0.5750000000000001,0.5969548751435958,ML Engineer | Data Science & ML enthusiast,"Data scientist / ML engineer with 3.8 years of experience in applied machine learning. Worked across predictive modeling, NLP, analytics, and lightweight deployment workflows. Most of my recent work h...",
100,CAND_0072660,Machine Learning Engineer,"Machine Learning Engineer | ML, NLP, Recommendation Systems",7.1,12,0.40754877783926363,0.5989,0.75,0.5961896333517792,"Machine Learning Engineer | ML, NLP, Recommendation Systems","Machine learning engineer with 7.1 years of experience building ML-powered features in production. Strong background in NLP, recommendation systems, and applied AI; comfortable across the ML stack fro...",
